"Status","Start Time","Stop Time","Duration in ms","Parent Suite","Suite","Sub Suite","Test Class","Test Method","Name","Description"
"passed","Wed Jan 31 19:58:26 CET 2024","Wed Jan 31 19:58:26 CET 2024","1","","com.simpl.PositiveTests","","com.simpl.PositiveTests","someTest2","someTest2()",""
"passed","Wed Jan 31 19:58:26 CET 2024","Wed Jan 31 19:58:26 CET 2024","1","","com.simpl.PositiveTests","","com.simpl.PositiveTests","someTest3","someTest3()",""
"passed","Wed Jan 31 19:58:26 CET 2024","Wed Jan 31 19:58:26 CET 2024","1","","com.simpl.PositiveTests","","com.simpl.PositiveTests","someTest8","someTest8()",""
"passed","Wed Jan 31 19:58:26 CET 2024","Wed Jan 31 19:58:26 CET 2024","1","","com.simpl.PositiveTests","","com.simpl.PositiveTests","someTest","someTest()",""
"passed","Wed Jan 31 19:58:26 CET 2024","Wed Jan 31 19:58:26 CET 2024","0","","com.simpl.PositiveTests","","com.simpl.PositiveTests","someTest9","someTest9()",""
"passed","Wed Jan 31 19:58:26 CET 2024","Wed Jan 31 19:58:26 CET 2024","1","","com.simpl.PositiveTests","","com.simpl.PositiveTests","someTest6","someTest6()",""
"passed","Wed Jan 31 19:58:26 CET 2024","Wed Jan 31 19:58:26 CET 2024","1","","com.simpl.PositiveTests","","com.simpl.PositiveTests","someTest7","someTest7()",""
"passed","Wed Jan 31 19:58:26 CET 2024","Wed Jan 31 19:58:26 CET 2024","1","","com.simpl.PositiveTests","","com.simpl.PositiveTests","someTest5","someTest5()",""
"passed","Wed Jan 31 19:58:25 CET 2024","Wed Jan 31 19:58:26 CET 2024","72","","com.simpl.PositiveTests","","com.simpl.PositiveTests","someTest1","someTest1()",""
"passed","Wed Jan 31 19:58:26 CET 2024","Wed Jan 31 19:58:26 CET 2024","2","","com.simpl.PositiveTests","","com.simpl.PositiveTests","someTest4","someTest4()",""
